{
    "plainSpectra": {
        "L-system golden dense A": [
            1.000000, 1.618034, 2.618034, 3.618034, 4.236068, 5.236068,
            5.854102, 6.854102, 7.854102, 8.472136, 9.472136, 10.472136,
            11.090170, 12.090170, 12.708204, 13.708204, 14.708204, 15.326238,
            16.326238, 16.944272, 17.944272, 18.944272, 19.562306, 20.562306,
            21.562306, 22.180340, 23.180340, 23.798374, 24.798374, 25.798374,
            26.416408, 27.416408, 28.416408, 29.034442, 30.034442, 30.652476,
            31.652476, 32.652476, 33.270510, 34.270510, 34.888544, 35.888544,
            36.888544, 37.506578, 38.506578, 39.506578, 40.124612, 41.124612,
            41.742646, 42.742646, 43.742646, 44.360680, 45.360680, 45.978714,
            46.978714, 47.978714, 48.596748, 49.596748, 50.596748, 51.214782,
            52.214782, 52.832816, 53.832816, 54.832816, 55.450850, 56.450850,
            57.450850, 58.068884, 59.068884, 59.686918
        ],
        "L-system golden dense B": [
            1.000000, 1.618034, 2.618034, 3.236068, 4.236068, 5.236068,
            5.854102, 6.854102, 7.472136, 8.472136, 9.472136, 10.090170,
            11.090170, 12.090170, 12.708204, 13.708204, 14.326238, 15.326238,
            16.326238, 16.944272, 17.944272, 18.562306, 19.562306, 20.562306,
            21.180340, 22.180340, 23.180340, 23.798374, 24.798374, 25.416408,
            26.416408, 27.416408, 28.034442, 29.034442, 30.034442, 30.652476,
            31.652476, 32.270510, 33.270510, 34.270510, 34.888544, 35.888544,
            36.506578, 37.506578, 38.506578, 39.124612, 40.124612, 41.124612,
            41.742646, 42.742646, 43.360680, 44.360680, 45.360680, 45.978714,
            46.978714, 47.596748, 48.596748, 49.596748, 50.214782, 51.214782,
            52.214782, 52.832816, 53.832816, 54.450850, 55.450850, 56.450850,
            57.068884, 58.068884, 59.068884, 59.686918
        ],
        "L-system golden sparse A": [
            1.000000, 1.618034, 2.618034, 4.236068, 5.236068, 6.854102,
            8.472136, 9.472136, 11.090170, 12.090170, 13.708204, 15.326238,
            16.326238, 17.944272, 19.562306, 20.562306, 22.180340, 23.180340,
            24.798374, 26.416408, 27.416408, 29.034442, 30.034442, 31.652476,
            33.270510, 34.270510, 35.888544, 37.506578, 38.506578, 40.124612,
            41.124612, 42.742646, 44.360680, 45.360680, 46.978714, 48.596748,
            49.596748, 51.214782, 52.214782, 53.832816, 55.450850, 56.450850,
            58.068884, 59.068884
        ],
        "L-system golden sparse B": [
            1.000000, 1.618034, 2.618034, 4.236068, 5.854102, 6.854102,
            8.472136, 9.472136, 11.090170, 12.708204, 13.708204, 15.326238,
            16.944272, 17.944272, 19.562306, 20.562306, 22.180340, 23.798374,
            24.798374, 26.416408, 27.416408, 29.034442, 30.652476, 31.652476,
            33.270510, 34.888544, 35.888544, 37.506578, 38.506578, 40.124612,
            41.742646, 42.742646, 44.360680, 45.978714, 46.978714, 48.596748,
            49.596748, 51.214782, 52.832816, 53.832816, 55.450850, 56.450850,
            58.068884, 59.686918
        ],
        "L-system silver": [
            1.000000, 2.414214, 3.414214, 4.828427, 5.828427, 6.828427,
            8.242641, 9.242641, 10.656854, 11.656854, 12.656854, 14.071068,
            15.071068, 16.485281, 17.485281, 18.899495, 19.899495, 20.899495,
            22.313708, 23.313708, 24.727922, 25.727922, 26.727922, 28.142136,
            29.142136, 30.556349, 31.556349, 32.970563, 33.970563, 34.970563,
            36.384776, 37.384776, 38.798990, 39.798990, 40.798990, 42.213203,
            43.213203, 44.627417, 45.627417, 46.627417, 48.041631, 49.041631,
            50.455844, 51.455844, 52.870058, 53.870058, 54.870058, 56.284271,
            57.284271, 58.698485, 59.698485
        ],
        "L-system plastic": [
            1.000000, 1.754878, 3.079596, 4.079596, 5.404314, 6.404314,
            7.159191, 8.159191, 9.483909, 10.483909, 11.238787, 12.563505,
            13.563505, 14.318382, 15.318382, 16.643100, 17.643100, 18.397978,
            19.722696, 20.722696, 22.047414, 23.047414, 23.802292, 25.127010,
            26.127010, 26.881887, 27.881887, 29.206605, 30.206605, 30.961483,
            32.286201, 33.286201, 34.610919, 35.610919, 36.365797, 37.365797,
            38.690514, 39.690514, 40.445392, 41.770110, 42.770110, 44.094828,
            45.094828, 45.849706, 47.174424, 48.174424, 48.929301, 49.929301,
            51.254019, 52.254019, 53.008897, 54.333615, 55.333615, 56.658333,
            57.658333, 58.413211, 59.413211
        ],
        "L-system supergolden": [
            1.000000, 2.147899, 3.147899, 4.613470, 5.613470, 6.761369,
            7.761369, 8.909268, 9.909268, 10.909268, 12.057167, 13.057167,
            14.522739, 15.522739, 16.670638, 17.670638, 19.136209, 20.136209,
            21.284108, 22.284108, 23.432007, 24.432007, 25.897578, 26.897578,
            28.045477, 29.045477, 30.193376, 31.193376, 32.193376, 33.341275,
            34.341275, 35.806847, 36.806847, 37.954746, 38.954746, 40.102645,
            41.102645, 42.102645, 43.250544, 44.250544, 45.716115, 46.716115,
            47.864014, 48.864014, 50.329585, 51.329585, 52.477484, 53.477484,
            54.625383, 55.625383, 56.625383, 57.773282, 58.773282
        ]
    }
}