{
  "plainSpectra": {
    "L-system golden dense A": [
      1.0, 1.618034, 2.618034, 3.618034, 4.236068, 5.236068, 5.854102, 6.854102, 7.854102, 8.472136,
      9.472136, 10.472136, 11.09017, 12.09017, 12.708204, 13.708204, 14.708204, 15.326238,
      16.326238, 16.944272, 17.944272, 18.944272, 19.562306, 20.562306, 21.562306, 22.18034,
      23.18034, 23.798374, 24.798374, 25.798374, 26.416408, 27.416408, 28.416408, 29.034442,
      30.034442, 30.652476, 31.652476, 32.652476, 33.27051, 34.27051, 34.888544, 35.888544,
      36.888544, 37.506578, 38.506578, 39.506578, 40.124612, 41.124612, 41.742646, 42.742646,
      43.742646, 44.36068, 45.36068, 45.978714, 46.978714, 47.978714, 48.596748, 49.596748,
      50.596748, 51.214782, 52.214782, 52.832816, 53.832816, 54.832816, 55.45085, 56.45085,
      57.45085, 58.068884, 59.068884, 59.686918
    ],
    "L-system golden dense B": [
      1.0, 1.618034, 2.618034, 3.236068, 4.236068, 5.236068, 5.854102, 6.854102, 7.472136, 8.472136,
      9.472136, 10.09017, 11.09017, 12.09017, 12.708204, 13.708204, 14.326238, 15.326238, 16.326238,
      16.944272, 17.944272, 18.562306, 19.562306, 20.562306, 21.18034, 22.18034, 23.18034,
      23.798374, 24.798374, 25.416408, 26.416408, 27.416408, 28.034442, 29.034442, 30.034442,
      30.652476, 31.652476, 32.27051, 33.27051, 34.27051, 34.888544, 35.888544, 36.506578,
      37.506578, 38.506578, 39.124612, 40.124612, 41.124612, 41.742646, 42.742646, 43.36068,
      44.36068, 45.36068, 45.978714, 46.978714, 47.596748, 48.596748, 49.596748, 50.214782,
      51.214782, 52.214782, 52.832816, 53.832816, 54.45085, 55.45085, 56.45085, 57.068884,
      58.068884, 59.068884, 59.686918
    ],
    "L-system golden sparse A": [
      1.0, 1.618034, 2.618034, 4.236068, 5.236068, 6.854102, 8.472136, 9.472136, 11.09017, 12.09017,
      13.708204, 15.326238, 16.326238, 17.944272, 19.562306, 20.562306, 22.18034, 23.18034,
      24.798374, 26.416408, 27.416408, 29.034442, 30.034442, 31.652476, 33.27051, 34.27051,
      35.888544, 37.506578, 38.506578, 40.124612, 41.124612, 42.742646, 44.36068, 45.36068,
      46.978714, 48.596748, 49.596748, 51.214782, 52.214782, 53.832816, 55.45085, 56.45085,
      58.068884, 59.068884
    ],
    "L-system golden sparse B": [
      1.0, 1.618034, 2.618034, 4.236068, 5.854102, 6.854102, 8.472136, 9.472136, 11.09017,
      12.708204, 13.708204, 15.326238, 16.944272, 17.944272, 19.562306, 20.562306, 22.18034,
      23.798374, 24.798374, 26.416408, 27.416408, 29.034442, 30.652476, 31.652476, 33.27051,
      34.888544, 35.888544, 37.506578, 38.506578, 40.124612, 41.742646, 42.742646, 44.36068,
      45.978714, 46.978714, 48.596748, 49.596748, 51.214782, 52.832816, 53.832816, 55.45085,
      56.45085, 58.068884, 59.686918
    ],
    "L-system silver": [
      1.0, 2.414214, 3.414214, 4.828427, 5.828427, 6.828427, 8.242641, 9.242641, 10.656854,
      11.656854, 12.656854, 14.071068, 15.071068, 16.485281, 17.485281, 18.899495, 19.899495,
      20.899495, 22.313708, 23.313708, 24.727922, 25.727922, 26.727922, 28.142136, 29.142136,
      30.556349, 31.556349, 32.970563, 33.970563, 34.970563, 36.384776, 37.384776, 38.79899,
      39.79899, 40.79899, 42.213203, 43.213203, 44.627417, 45.627417, 46.627417, 48.041631,
      49.041631, 50.455844, 51.455844, 52.870058, 53.870058, 54.870058, 56.284271, 57.284271,
      58.698485, 59.698485
    ],
    "L-system plastic": [
      1.0, 1.754878, 3.079596, 4.079596, 5.404314, 6.404314, 7.159191, 8.159191, 9.483909,
      10.483909, 11.238787, 12.563505, 13.563505, 14.318382, 15.318382, 16.6431, 17.6431, 18.397978,
      19.722696, 20.722696, 22.047414, 23.047414, 23.802292, 25.12701, 26.12701, 26.881887,
      27.881887, 29.206605, 30.206605, 30.961483, 32.286201, 33.286201, 34.610919, 35.610919,
      36.365797, 37.365797, 38.690514, 39.690514, 40.445392, 41.77011, 42.77011, 44.094828,
      45.094828, 45.849706, 47.174424, 48.174424, 48.929301, 49.929301, 51.254019, 52.254019,
      53.008897, 54.333615, 55.333615, 56.658333, 57.658333, 58.413211, 59.413211
    ],
    "L-system supergolden": [
      1.0, 2.147899, 3.147899, 4.61347, 5.61347, 6.761369, 7.761369, 8.909268, 9.909268, 10.909268,
      12.057167, 13.057167, 14.522739, 15.522739, 16.670638, 17.670638, 19.136209, 20.136209,
      21.284108, 22.284108, 23.432007, 24.432007, 25.897578, 26.897578, 28.045477, 29.045477,
      30.193376, 31.193376, 32.193376, 33.341275, 34.341275, 35.806847, 36.806847, 37.954746,
      38.954746, 40.102645, 41.102645, 42.102645, 43.250544, 44.250544, 45.716115, 46.716115,
      47.864014, 48.864014, 50.329585, 51.329585, 52.477484, 53.477484, 54.625383, 55.625383,
      56.625383, 57.773282, 58.773282
    ]
  },
  "timbres": {
    "jegogan": {
      "spectrum": [
        1, 2.8, 5.5, 9, 16.7, 17.8, 20.5, 22.9, 24.9, 27, 28.1, 29.2, 29.5, 30, 31.8, 33.3, 36,
        36.9, 40.6, 41.4
      ],
      "amplitudes": [
        0.6879752086107401, 0.10762266937637699, 0.03705915578882312, 0.06835927457535572,
        0.01577978118293504, 0.027725128514115686, 0.025086932797794458, 0.022017323971778323,
        0.0061329366021215925, 0.013327650595532958, 0.008386387560340483, 0.008303976140444933,
        0.0039384178057395615, 0.015261008676063096, 0.007590483984245218, 0.01299488244216124,
        0.010676041856564743, 0.011516704413238312, 0.005093296889963593, 0.007984328157770058
      ],
      "source": "https://pubs.aip.org/asa/jasa/article/127/5/EL197/783208/Vibrational-characteristics-of-Balinese-gamelan (amplitudes are made up)"
    },
    "jublag": {
      "spectrum": [0.9901, 1.01, 2.76, 2.77, 5.18, 5.33, 9.1, 18.9, 23],
      "amplitudes": [0.45, 0.225, 0.09, 0.225, 0.135, 0.09, 0.0675, 0.045, 0.0405],
      "source": "https://pubs.aip.org/asa/jasa/article/127/5/EL197/783208/Vibrational-characteristics-of-Balinese-gamelan (shimmer and amplitudes are made up)"
    },
    "ugal": {
      "spectrum": [0.9921, 1.008, 2.605, 2.61, 4.8, 4.81, 4.94, 6.32, 9.9, 17, 24.1],
      "amplitudes": [0.27, 0.45, 0.045, 0.2025, 0.135, 0.045, 0.0675, 0.09, 0.0315, 0.036, 0.0225],
      "source": "https://pubs.aip.org/asa/jasa/article/127/5/EL197/783208/Vibrational-characteristics-of-Balinese-gamelan (shimmer and amplitudes are made up)"
    },
    "piano": {
      "spectrum": [
        0.998711340392508, 1.0012886596074921, 2.000000001915048, 3.0077319605175252,
        4.024484537329971, 4.028350517109971, 5.052835053482418, 6.0953608281898495,
        6.100515466619817, 7.149484540322233, 7.158505158532202, 8.221649488874554,
        9.326030932401801, 9.3298969121818, 9.33891753039177, 10.449742272914, 10.457474232474,
        10.466494850683969, 11.597938150756168
      ],
      "amplitudes": [
        0.3466785700993998, 0.276696137439476, 0.19296573437866474, 0.3063299405424024,
        0.12073528083009298, 0.05751322177954567, 0.047272513725800124, 0.017102907489802966,
        0.019305688593740482, 0.011275123216384115, 0.00905962760917636, 0.007042696880003005,
        0.009045112995309204, 0.009409216177911071, 0.007929204095551772, 0.0006714837337216534,
        0.0009459591810284039, 0.0004576640996820909, 0.0005406685358856703
      ]
    }
  }
}
